id;numero_appel_offre;date_remise_plis;montant_caution;objet_affaire;estimation_budget;commentaires;maitre_ouvrage_id;caution_id
1;Estate high-level Palestinian Territory;2020-03-17;82802;open-source Automated;14302;invoice;1;1
2;application white Borders;2020-03-17;88299;Avon synthesizing;20663;Principal blue;2;2
3;Keyboard;2020-03-16;39312;Assistant Designer;79081;payment;3;3
4;indigo;2020-03-17;56779;Missouri invoice deposit;36193;Soft Games SAS;4;4
5;card violet Checking Account;2020-03-17;32367;hacking Proactive;64423;South Dakota Manager;5;5
6;sensor Balanced;2020-03-16;77853;Program Virtual invoice;37560;vertical;6;6
7;Associate;2020-03-17;8228;Maine Cambridgeshire overriding;43956;Ohio systems AGP;7;7
8;North Carolina payment;2020-03-16;47688;Human Books connecting;70267;SSL transmitting;8;8
9;Markets Russian Ruble;2020-03-17;35715;knowledge base North Dakota Officer;20999;silver infrastructures Division;9;9
10;Overpass Product Solutions;2020-03-16;35748;Frozen Rapid systematic;14790;Unbranded Wooden Ball bluetooth;10;10
